WKT,id,name,latitude,longitude
"POINT (97.0253 4.36855)",11.0,ACEH,4.36855,97.0253
"POINT (99.38122 2.19235)",12.0,SUMATERA UTARA,2.19235,99.38122
"POINT (100.7352875 -0.760047)",13.0,SUMATERA BARAT,-0.760047,100.7352875
"POINT (101.6794159 0.2367503)",14.0,RIAU,0.2367503,101.6794159
"POINT (102.7797 -1.61157)",15.0,JAMBI,-1.61157,102.7797
"POINT (104.09306 -3.12668)",16.0,SUMATERA SELATAN,-3.12668,104.09306
"POINT (102.53598 -3.51868)",17.0,BENGKULU,-3.51868,102.53598
"POINT (105.0273 -4.8555)",18.0,LAMPUNG,-4.8555,105.0273
"POINT (107.9107828 -2.8866859)",19.0,KEPULAUAN BANGKA BELITUNG,-2.8866859,107.9107828
"POINT (104.58037 -0.15478)",21.0,KEPULAUAN RIAU,-0.15478,104.58037
